filename,file_size,file_attributes,region_count,region_id,region_shape_attributes,region_attributes
P21-Fg006-R-C01-R01-binarized.jpg,392639,"{}",11,0,"{""name"":""polyline"",""all_points_x"":[1557,1908,2096,2402,2388,2020,1602,1529],""all_points_y"":[626,636,660,674,507,494,521,549]}","{""1"":""""}"
P21-Fg006-R-C01-R01-binarized.jpg,392639,"{}",11,1,"{""name"":""polyline"",""all_points_x"":[1661,1846,2169,2492,2583,2579,2503,2298,2044,1950,1877,1783,1620,1606,1675],""all_points_y"":[667,643,702,674,709,803,820,824,786,786,765,786,768,671,667]}","{""1"":""""}"
P21-Fg006-R-C01-R01-binarized.jpg,392639,"{}",11,2,"{""name"":""polyline"",""all_points_x"":[1585,1811,1901,1971,2089,2270,2593,2610,2291,2162,2013,1766,1599,1588],""all_points_y"":[869,786,772,799,810,841,841,963,980,1015,1011,956,932,869]}","{""1"":""""}"
P21-Fg006-R-C01-R01-binarized.jpg,392639,"{}",11,3,"{""name"":""polyline"",""all_points_x"":[1456,1877,1971,2235,2506,2510,2315,1915,1526,1456],""all_points_y"":[1022,1008,1005,1008,1036,1151,1151,1112,1151,1029]}","{""1"":""""}"
P21-Fg006-R-C01-R01-binarized.jpg,392639,"{}",11,4,"{""name"":""polyline"",""all_points_x"":[1387,1446,1811,1971,2082,2263,2530,2461,2134,1682,1470,1387],""all_points_y"":[1210,1157,1161,1133,1157,1164,1154,1279,1293,1303,1303,1210]}","{""1"":""""}"
P21-Fg006-R-C01-R01-binarized.jpg,392639,"{}",11,5,"{""name"":""polyline"",""all_points_x"":[1773,1835,2364,2308,1974,1759,1783],""all_points_y"":[1345,1314,1317,1439,1411,1397,1349]}","{""1"":""""}"
P21-Fg006-R-C01-R01-binarized.jpg,392639,"{}",11,6,"{""name"":""polyline"",""all_points_x"":[1317,2179,2562,2541,2305,1585,1265,1310],""all_points_y"":[1436,1502,1484,1606,1599,1578,1509,1436]}","{""1"":""""}"
P21-Fg006-R-C01-R01-binarized.jpg,392639,"{}",11,7,"{""name"":""polyline"",""all_points_x"":[1328,1728,1776,2138,2332,2572,2454,2040,1665,1297,1335],""all_points_y"":[1668,1595,1585,1644,1599,1634,1752,1776,1752,1745,1668]}","{""1"":""""}"
P21-Fg006-R-C01-R01-binarized.jpg,392639,"{}",11,8,"{""name"":""polyline"",""all_points_x"":[1335,1418,1522,1728,2252,2527,2405,1714,1390,1338],""all_points_y"":[1801,1755,1766,1769,1783,1828,1943,1874,1874,1794]}","{""1"":""""}"
P21-Fg006-R-C01-R01-binarized.jpg,392639,"{}",11,9,"{""name"":""polyline"",""all_points_x"":[1477,1821,1787,1484,1484],""all_points_y"":[1978,1974,1877,1877,1974]}","{""1"":""""}"
P21-Fg006-R-C01-R01-binarized.jpg,392639,"{}",11,10,"{""name"":""polyline"",""all_points_x"":[1484,1832,1759,1526,1498],""all_points_y"":[2016,2020,2106,2106,2023]}","{""1"":""""}"
P22-Fg008-R-C01-R01-binarized.jpg,246520,"{}",9,0,"{""name"":""polyline"",""all_points_x"":[886,1267,1721,2112,2112,1773,1653,1444,1309,1267,1022,928,881],""all_points_y"":[626,547,542,584,761,782,782,761,746,766,766,740,636]}","{""1"":""""}"
P22-Fg008-R-C01-R01-binarized.jpg,246520,"{}",9,1,"{""name"":""polyline"",""all_points_x"":[907,996,1168,1262,1303,1382,1622,1872,2007,2101,2086,1986,1663,1257,923,918],""all_points_y"":[824,782,782,777,751,793,803,793,772,813,918,886,897,907,866,824]}","{""1"":""""}"
P22-Fg008-R-C01-R01-binarized.jpg,246520,"{}",9,2,"{""name"":""polyline"",""all_points_x"":[949,1038,1199,1376,1622,1809,1992,2070,2018,1705,1580,1512,1157,912,944],""all_points_y"":[959,902,938,912,912,912,876,949,1011,996,1048,1048,1064,985,970]}","{""1"":""""}"
P22-Fg008-R-C01-R01-binarized.jpg,246520,"{}",9,3,"{""name"":""polyline"",""all_points_x"":[1230,1517,1741,1778,1632,1559,1517,1382,1204,1236],""all_points_y"":[1064,1043,1074,1199,1199,1105,1142,1178,1111,1069]}","{""1"":""""}"
P22-Fg008-R-C01-R01-binarized.jpg,246520,"{}",9,4,"{""name"":""polyline"",""all_points_x"":[944,1038,1173,1264,1296,1369,1494,1533,1562,1585,1608,1637,1700,1827,1976,2237,2237,2156,1992,1757,1525,1100,957,946],""all_points_y"":[1223,1189,1176,1152,1160,1199,1184,1142,1126,1152,1197,1210,1212,1207,1189,1217,1311,1330,1335,1324,1335,1340,1317,1223]}","{""1"":""""}"
P22-Fg008-R-C01-R01-binarized.jpg,246520,"{}",9,5,"{""name"":""polyline"",""all_points_x"":[902,1040,1259,1476,1606,1723,2242,2401,2351,2007,1895,1791,1056,910],""all_points_y"":[1387,1353,1361,1343,1343,1340,1350,1353,1478,1473,1436,1457,1491,1416]}","{""1"":""""}"
P22-Fg008-R-C01-R01-binarized.jpg,246520,"{}",9,6,"{""name"":""polyline"",""all_points_x"":[970,980,1502,1893,1981,2393,2404,1966,1189,959,975],""all_points_y"":[1554,1538,1512,1455,1491,1517,1611,1585,1627,1632,1554]}","{""1"":""""}"
P22-Fg008-R-C01-R01-binarized.jpg,246520,"{}",9,7,"{""name"":""polyline"",""all_points_x"":[860,1043,1230,1324,1960,2310,2362,2284,1960,1835,1543,1330,1215,871,866],""all_points_y"":[1679,1632,1632,1632,1601,1622,1731,1736,1741,1783,1747,1715,1741,1736,1679]}","{""1"":""""}"
P22-Fg008-R-C01-R01-binarized.jpg,246520,"{}",9,8,"{""name"":""polyline"",""all_points_x"":[876,1262,1345,1439,1804,2023,2185,2205,1950,1590,881,881],""all_points_y"":[1814,1752,1721,1752,1799,1762,1752,1825,1966,2044,1861,1814]}","{""1"":""""}"
P106-Fg002-R-C01-R01-binarized.jpg,321771,"{}",13,0,"{""name"":""polyline"",""all_points_x"":[1509,1717,1780,1703,1512,1512],""all_points_y"":[751,751,709,640,664,733]}","{""1"":""""}"
P106-Fg002-R-C01-R01-binarized.jpg,321771,"{}",13,1,"{""name"":""polyline"",""all_points_x"":[1578,1668,2106,2190,2093,1641,1554,1571],""all_points_y"":[796,765,751,813,869,914,827,782]}","{""1"":""""}"
P106-Fg002-R-C01-R01-binarized.jpg,321771,"{}",13,2,"{""name"":""polyline"",""all_points_x"":[1338,2245,2228,1714,1345,1335],""all_points_y"":[1036,1015,1157,1147,1151,1043]}","{""1"":""""}"
P106-Fg002-R-C01-R01-binarized.jpg,321771,"{}",13,3,"{""name"":""polyline"",""all_points_x"":[1203,1668,1717,2020,2075,2666,2617,2534,1474,1453,1418,1324,1168],""all_points_y"":[1203,1164,1140,1168,1151,1189,1290,1300,1303,1269,1279,1286,1217]}","{""1"":""""}"
P106-Fg002-R-C01-R01-binarized.jpg,321771,"{}",13,4,"{""name"":""polyline"",""all_points_x"":[1109,1178,1370,1443,1453,1533,2663,2638,2371,2134,2006,1981,1109],""all_points_y"":[1352,1265,1321,1269,1279,1321,1324,1436,1404,1446,1401,1425,1432]}","{""1"":""""}"
P106-Fg002-R-C01-R01-binarized.jpg,321771,"{}",13,5,"{""name"":""polyline"",""all_points_x"":[1244,1324,1967,2013,2280,2353,2391,2614,2777,2892,2218,2093,2072,1919,1370,1210],""all_points_y"":[1495,1446,1439,1404,1460,1401,1397,1446,1370,1561,1609,1609,1637,1606,1613,1509]}","{""1"":""""}"
P106-Fg002-R-C01-R01-binarized.jpg,321771,"{}",13,6,"{""name"":""polyline"",""all_points_x"":[1248,1310,1425,1672,2026,2127,2923,2819,1328,1206],""all_points_y"":[1630,1588,1627,1627,1634,1616,1606,1724,1728,1627]}","{""1"":""""}"
P106-Fg002-R-C01-R01-binarized.jpg,321771,"{}",13,7,"{""name"":""polyline"",""all_points_x"":[1064,1230,1324,1863,2572,2958,2975,2878,1297,1084],""all_points_y"":[1755,1696,1745,1762,1752,1741,1832,1856,1884,1769]}","{""1"":""""}"
P106-Fg002-R-C01-R01-binarized.jpg,321771,"{}",13,8,"{""name"":""polyline"",""all_points_x"":[1103,1173,1468,3126,3071,2437,2351,1387,1207,1103],""all_points_y"":[1960,1877,1921,1898,2000,2031,2044,1986,2080,1971]}","{""1"":""""}"
P106-Fg002-R-C01-R01-binarized.jpg,321771,"{}",13,9,"{""name"":""polyline"",""all_points_x"":[1337,1567,1960,2359,2685,3084,3053,2424,1499,1358],""all_points_y"":[2065,2013,2065,2049,2026,2015,2114,2153,2151,2059]}","{""1"":""""}"
P106-Fg002-R-C01-R01-binarized.jpg,321771,"{}",13,10,"{""name"":""polyline"",""all_points_x"":[1559,1629,2484,3102,3100,2894,2683,2599,2143,1562],""all_points_y"":[2182,2148,2174,2153,2250,2242,2255,2278,2302,2229]}","{""1"":""""}"
P106-Fg002-R-C01-R01-binarized.jpg,321771,"{}",13,11,"{""name"":""polyline"",""all_points_x"":[2427,2667,2959,3152,3079,2495,2419],""all_points_y"":[2346,2258,2242,2344,2419,2461,2344]}","{""1"":""""}"
P106-Fg002-R-C01-R01-binarized.jpg,321771,"{}",13,12,"{""name"":""polyline"",""all_points_x"":[2742,2847,3107,3118,2902,2737],""all_points_y"":[2474,2451,2448,2534,2570,2492]}","{""1"":""""}"
P123-Fg001-R-C01-R01-binarized.jpg,556158,"{}",13,0,"{""name"":""polyline"",""all_points_x"":[999,1138,1085,984,1013],""all_points_y"":[147,161,64,64,136]}","{""1"":""""}"
P123-Fg001-R-C01-R01-binarized.jpg,556158,"{}",13,1,"{""name"":""polyline"",""all_points_x"":[730,820,1206,2259,2208,1958,1493,1385,963,734],""all_points_y"":[200,165,190,297,351,315,290,340,308,247]}","{""1"":""""}"
P123-Fg001-R-C01-R01-binarized.jpg,556158,"{}",13,2,"{""name"":""polyline"",""all_points_x"":[877,1006,1192,1314,1414,1521,1557,1958,1997,2259,2516,2502,2273,1815,1689,1639,1575,1085,884],""all_points_y"":[387,326,354,344,351,304,301,336,326,376,354,480,494,455,422,455,412,465,415]}","{""1"":""""}"
P123-Fg001-R-C01-R01-binarized.jpg,556158,"{}",13,3,"{""name"":""polyline"",""all_points_x"":[498,777,1077,1435,1571,1621,1800,2280,2760,2742,1493,1457,1392,1278,1095,1034,999,784,447,440],""all_points_y"":[415,530,490,487,408,437,455,501,530,626,637,583,594,648,594,580,651,637,616,387]}","{""1"":""""}"
P123-Fg001-R-C01-R01-binarized.jpg,556158,"{}",13,4,"{""name"":""polyline"",""all_points_x"":[802,845,1006,1034,1070,1213,1374,1450,1518,2835,2835,2470,2298,1808,1775,1732,1636,1271,988,898,798],""all_points_y"":[673,644,673,576,587,641,619,580,644,673,795,759,759,791,745,752,809,730,762,752,684]}","{""1"":""""}"
P123-Fg001-R-C01-R01-binarized.jpg,556158,"{}",13,5,"{""name"":""polyline"",""all_points_x"":[544,730,845,952,1296,1664,1761,1786,1811,2348,2531,2874,2838,2745,2491,2359,2241,2198,2166,1947,1700,1185,1106,1052,913,870,834,501],""all_points_y"":[841,737,762,752,741,813,752,752,802,759,759,866,909,906,909,906,938,938,902,906,938,959,888,902,931,888,923,873]}","{""1"":""""}"
P123-Fg001-R-C01-R01-binarized.jpg,556158,"{}",13,6,"{""name"":""polyline"",""all_points_x"":[723,870,959,1117,1142,1156,1439,1979,2162,2223,2391,2588,2871,2903,2821,2810,2595,2259,2169,1843,1700,1589,1407,1120,1059,913,737],""all_points_y"":[1009,895,931,898,938,977,952,909,909,956,906,913,906,1045,1059,1106,1106,1059,1095,1102,1102,1017,1052,1077,1052,1067,1009]}","{""1"":""""}"
P123-Fg001-R-C01-R01-binarized.jpg,556158,"{}",13,7,"{""name"":""polyline"",""all_points_x"":[898,1031,1074,1385,1550,1700,2208,2259,2330,2745,2817,2842,2917,2846,2391,2359,2198,2065,1410,1235,956,906],""all_points_y"":[1167,1052,1052,1102,1017,1117,1124,1070,1067,1128,1077,1056,1145,1253,1221,1246,1224,1274,1210,1260,1221,1156]}","{""1"":""""}"
P123-Fg001-R-C01-R01-binarized.jpg,556158,"{}",13,8,"{""name"":""polyline"",""all_points_x"":[1070,1178,1378,1421,1460,2119,2226,2259,2423,2964,2917,2645,1772,1668,1503,1407,1178,1042],""all_points_y"":[1324,1274,1267,1210,1217,1285,1231,1231,1231,1296,1392,1439,1374,1342,1382,1346,1382,1353]}","{""1"":""""}"
P123-Fg001-R-C01-R01-binarized.jpg,556158,"{}",13,9,"{""name"":""polyline"",""all_points_x"":[1213,1285,1421,1611,1657,1686,2370,2960,2960,2506,2330,2234,1861,1693,1636,1235,1213],""all_points_y"":[1460,1407,1346,1403,1349,1349,1457,1446,1550,1553,1489,1539,1561,1503,1525,1546,1468]}","{""1"":""""}"
P123-Fg001-R-C01-R01-binarized.jpg,556158,"{}",13,10,"{""name"":""polyline"",""all_points_x"":[1367,1657,1693,1997,2273,2305,2341,2391,2463,2996,2967,2788,2194,1747,1400,1382],""all_points_y"":[1625,1546,1514,1611,1575,1518,1503,1532,1589,1600,1704,1743,1743,1740,1682,1621]}","{""1"":""""}"
P123-Fg001-R-C01-R01-binarized.jpg,556158,"{}",13,11,"{""name"":""polyline"",""all_points_x"":[1514,1514,1944,2430,2785,3025,3025,2713,2488,2420,2312,2262,2205,2033,1890,1757,1514],""all_points_y"":[1800,1747,1765,1765,1768,1732,1868,1908,1861,1861,1893,1833,1883,1926,1926,1876,1840]}","{""1"":""""}"
P123-Fg001-R-C01-R01-binarized.jpg,556158,"{}",13,12,"{""name"":""polyline"",""all_points_x"":[1654,1722,1836,2112,2212,2259,2319,2445,2552,2767,3035,3039,2276,1768,1679],""all_points_y"":[1940,1886,1919,1926,1872,1836,1879,1854,1879,1911,1876,2033,2090,2076,1954]}","{""1"":""""}"
P123-Fg002-R-C01-R01-binarized.jpg,598607,"{}",12,0,"{""name"":""polyline"",""all_points_x"":[462,1847,2090,2495,3121,3071,2967,2892,2767,2717,2148,2015,1514,1432,1364,830,787,723,422,455],""all_points_y"":[727,623,537,583,648,780,737,780,780,737,809,730,802,762,795,802,802,859,830,730]}","{""1"":""""}"
P123-Fg002-R-C01-R01-binarized.jpg,598607,"{}",12,1,"{""name"":""polyline"",""all_points_x"":[540,612,762,798,841,963,1389,1421,1457,1521,1958,2012,2062,2094,2423,2631,2706,2720,2803,2939,2964,2985,3100,3068,2795,2534,2459,2366,1994,1765,1521,1478,1403,1253,1178,999,934,540,540],""all_points_y"":[895,881,873,813,809,838,838,770,773,820,787,748,777,805,820,802,737,737,823,780,748,752,852,934,931,916,884,934,956,959,938,902,949,920,941,952,981,959,895]}","{""1"":""""}"
P123-Fg002-R-C01-R01-binarized.jpg,598607,"{}",12,2,"{""name"":""polyline"",""all_points_x"":[605,662,870,988,1167,1203,1335,1435,1485,1539,1843,2384,2477,2538,3100,3100,2935,2559,2380,2226,2173,1625,1246,1042,748,705,648,626],""all_points_y"":[1052,1002,1006,956,959,934,945,931,909,952,988,974,895,938,991,1077,1099,1056,1074,1031,1074,1110,1070,1085,1128,1110,1110,1052]}","{""1"":""""}"
P123-Fg002-R-C01-R01-binarized.jpg,598607,"{}",12,3,"{""name"":""polyline"",""all_points_x"":[562,691,698,737,1085,1285,1657,2266,2348,2373,2659,3075,3064,2889,2817,2781,2692,2115,1947,1349,1020,838,583],""all_points_y"":[1221,1124,1120,1120,1088,1077,1138,1131,1067,1077,1070,1163,1264,1260,1217,1238,1253,1217,1264,1267,1267,1289,1274]}","{""1"":""""}"
P123-Fg002-R-C01-R01-binarized.jpg,598607,"{}",12,4,"{""name"":""polyline"",""all_points_x"":[537,709,1020,1085,1142,1324,1661,1987,2201,2251,2305,2452,2760,2813,2831,2889,3089,3046,2577,2538,2523,2495,2416,2169,1349,1088,1056,1013,813,576,519],""all_points_y"":[1382,1324,1310,1260,1289,1310,1299,1281,1278,1228,1238,1299,1278,1238,1224,1271,1317,1403,1378,1385,1403,1371,1385,1407,1425,1425,1403,1417,1417,1439,1403]}","{""1"":""""}"
P123-Fg002-R-C01-R01-binarized.jpg,598607,"{}",12,5,"{""name"":""polyline"",""all_points_x"":[476,476,526,598,841,830,891,963,1034,1063,1153,2151,2187,2219,2316,2466,2509,2659,3075,3039,2699,2656,2602,2169,2090,2055,1865,1783,1679,1664,1378,791,530,462],""all_points_y"":[1500,1446,1442,1485,1471,1421,1417,1453,1410,1410,1439,1439,1403,1403,1396,1374,1374,1396,1482,1578,1582,1525,1539,1553,1539,1553,1532,1564,1553,1536,1568,1582,1604,1557]}","{""1"":""""}"
P123-Fg002-R-C01-R01-binarized.jpg,598607,"{}",12,6,"{""name"":""polyline"",""all_points_x"":[483,820,1289,1629,1682,1843,1865,2094,2366,2591,2617,2645,2710,3089,3032,1425,1192,755,705,619,533,469],""all_points_y"":[1654,1596,1596,1539,1550,1550,1532,1582,1582,1568,1536,1532,1575,1639,1747,1704,1697,1740,1711,1736,1754,1718]}","{""1"":""""}"
P123-Fg002-R-C01-R01-binarized.jpg,598607,"{}",12,7,"{""name"":""polyline"",""all_points_x"":[498,583,698,691,719,748,1070,1213,1303,3039,3007,2731,2581,2527,2459,2291,2137,1006,748,512],""all_points_y"":[1804,1783,1772,1707,1718,1732,1750,1693,1729,1779,1883,1876,1847,1876,1851,1861,1861,1858,1861,1886]}","{""1"":""""}"
P123-Fg002-R-C01-R01-binarized.jpg,598607,"{}",12,8,"{""name"":""polyline"",""all_points_x"":[709,773,816,1181,1865,1904,1979,1965,1926,1833,1750,1582,677,705],""all_points_y"":[1911,1868,1868,1929,1883,1861,1890,1933,1944,2101,2216,2158,2055,1890]}","{""1"":""""}"
P123-Fg002-R-C01-R01-binarized.jpg,598607,"{}",12,9,"{""name"":""polyline"",""all_points_x"":[1786,1922,1929,1944,2058,2316,2344,2391,2481,2595,2681,2710,2889,2889,2717,2584,2495,2448,1997,1936,1879,1793],""all_points_y"":[2205,1987,1947,1936,1933,1904,1865,1854,1868,1890,1868,1879,1926,1990,2044,2012,2012,2033,2040,2105,2255,2230]}","{""1"":""""}"
P123-Fg002-R-C01-R01-binarized.jpg,598607,"{}",12,10,"{""name"":""polyline"",""all_points_x"":[1936,2008,2148,2398,2481,2506,2624,2781,2702,2606,2387,2180,2126,2098,1987],""all_points_y"":[2216,2076,2062,2062,2029,2019,2033,2094,2169,2183,2187,2173,2140,2155,2237]}","{""1"":""""}"
P123-Fg002-R-C01-R01-binarized.jpg,598607,"{}",12,11,"{""name"":""polyline"",""all_points_x"":[2037,2087,2115,2158,2327,2237,2105,2072,2037],""all_points_y"":[2251,2169,2148,2183,2259,2309,2251,2298,2251]}","{""1"":""""}"